month,day,hour,crime,location
1,3,9,MURDER,SANTO TOMAS
1,4,19,HOMICIDE,BANGYAS
1,4,12,VEHICULAR ACCIDENT,HANGGAN
1,5,8,TRAFFIC RULES,DAYAP
1,6,10,ROBBERY,SILANGAN
1,7,17,COMPREHENSIVE DANGERIOUS DRUG ACT,BALAYHANGIN
1,13,19,ILLEGAL GAMBLING,DAYAP
1,13,10,THEFT,LIMAO
1,14,17,VEHICULAR ACCIDENT,DAYAP
1,15,21,VEHICULAR ACCIDENT,BALAYHANGIN
1,17,1,TRAFFIC RULES,MASIIT
1,18,17,HOMICIDE,LAMOT 1
1,21,10,VEHICULAR ACCIDENT,MASIIT
1,22,14,THEFT,BALAYHANGIN
1,24,5,ILLEGAL DISPOSITION OF FIREARMS,MABACAN
1,24,10,VEHICULAR ACCIDENT,SANTO TOMAS
1,27,12,ILLEGAL GAMBLING,SANTO TOMAS
1,28,19,COMPREHENSIVE DANGERIOUS DRUG ACT,KANLURAN
1,31,14,COMPREHENSIVE DANGERIOUS DRUG ACT,SILANGAN
1,31,8,VEHICULAR ACCIDENT,BALAYHANGIN
2,1,3,ROBBERY,SILANGAN
2,2,16,VEHICULAR ACCIDENT,IMOK
2,3,10,ROBBERY,BALAYHANGIN
2,4,22,ALARM AND SCANDAL,SANTO TOMAS
2,8,14,COMPREHENSIVE DANGERIOUS DRUG ACT,SILANGAN
2,8,11,VEHICULAR ACCIDENT,BANGYAS
2,9,11,HOMICIDE,DAYAP
2,10,12,MURDER,MASIIT
2,12,2,ROBBERY,DAYAP
2,13,9,ILLEGAL GAMBLING,SAN ISIDRO
2,15,16,RAPE,SANTO TOMAS
2,16,20,COMPREHENSIVE DANGERIOUS DRUG ACT,BALAYHANGIN
2,16,9,ILLEGAL GAMBLING,BANGYAS
2,20,8,TRAFFIC RULES,LAMOT 2
2,22,22,TRAFFIC RULES,MASIIT
2,26,19,ILLEGAL GAMBLING,LAMOT 1
3,3,0,TRAFFIC RULES,MASIIT
3,6,17,ILLEGAL GAMBLING,BANGYAS
3,9,17,COMPREHENSIVE DANGERIOUS DRUG ACT,MASIIT
3,10,22,ROBBERY,MASIIT
3,16,22,COMPREHENSIVE DANGERIOUS DRUG ACT,SILANGAN
3,17,22,COMPREHENSIVE DANGERIOUS DRUG ACT,SANTO TOMAS
3,18,9,ROBBERY,MASIIT
3,18,20,THEFT,MABACAN
3,22,21,RAPE,DAYAP
3,22,1,VEHICULAR ACCIDENT,LAMOT 1
3,25,20,ROBBERY,IMOK
3,26,8,VEHICULAR ACCIDENT,KANLURAN
3,28,21,ROBBERY,BANGYAS
3,29,12,MURDER,PEREZ
3,30,4,ALARM AND SCANDAL,KANLURAN
4,2,4,TRAFFIC RULES,MASIIT
4,5,21,ILLEGAL GAMBLING,SAN ISIDRO
4,13,12,ILLEGAL GAMBLING,SAN ISIDRO
4,17,20,COMPREHENSIVE DANGERIOUS DRUG ACT,MABACAN
4,19,20,MURDER,PEREZ
4,23,17,ILLEGAL GAMBLING,BANGYAS
5,3,22,TRAFFIC RULES,MASIIT
5,4,22,ILLEGAL DISPOSITION OF FIREARMS,SANTO TOMAS
5,5,16,COMPREHENSIVE DANGERIOUS DRUG ACT,SILANGAN
5,7,16,RAPE,DAYAP
5,8,7,VEHICULAR ACCIDENT,DAYAP
5,9,12,VEHICULAR ACCIDENT,DAYAP
5,15,5,CARNAPPING,LAMOT 2
5,19,21,COMPREHENSIVE DANGERIOUS DRUG ACT,SAN ISIDRO
5,21,11,ILLEGAL GAMBLING,BANGYAS
5,22,20,RAPE,LIMAO
5,28,8,CARNAPPING,PRINZA
5,28,23,VEHICULAR ACCIDENT,SANTO TOMAS
5,29,6,ROBBERY,DAYAP
6,6,11,TRAFFIC RULES,MASIIT
6,6,18,ILLEGAL GAMBLING,SAN ISIDRO
6,9,13,HOMICIDE,HANGGAN
6,10,21,VAWC,MABACAN
6,11,18,COMPREHENSIVE DANGERIOUS DRUG ACT,SANTO TOMAS
6,11,19,THEFT,PRINZA
6,12,17,COMPREHENSIVE DANGERIOUS DRUG ACT,SAN ISIDRO
6,13,19,ACTS OF LASCIVIOUSNESS,SANTO TOMAS
6,14,14,COMPREHENSIVE DANGERIOUS DRUG ACT,BALAYHANGIN
6,16,19,COMPREHENSIVE DANGERIOUS DRUG ACT,DAYAP
6,18,19,COMPREHENSIVE DANGERIOUS DRUG ACT,DAYAP
6,18,17,VEHICULAR ACCIDENT,IMOK
6,19,12,HOMICIDE,LAMOT 1
6,20,22,CHILD ABUSE,DAYAP
6,21,7,THEFT,DAYAP
6,22,22,ALARM AND SCANDAL,DAYAP
6,23,13,TRAFFIC RULES,DAYAP
6,24,23,ALARM AND SCANDAL,DAYAP
6,24,16,ILLEGAL GAMBLING,SILANGAN
6,26,17,COMPREHENSIVE DANGERIOUS DRUG ACT,KANLURAN
6,27,2,TRAFFIC RULES,MASIIT
6,28,11,CHILD ABUSE,BALAYHANGIN
6,29,13,ACTS OF LASCIVIOUSNESS,SILANGAN
7,1,9,COMPREHENSIVE DANGERIOUS DRUG ACT,SANTO TOMAS
7,4,17,COMPREHENSIVE DANGERIOUS DRUG ACT,DAYAP
7,8,18,COMPREHENSIVE DANGERIOUS DRUG ACT,KANLURAN
7,9,10,ILLEGAL GAMBLING,SAN ISIDRO
7,10,20,COMPREHENSIVE DANGERIOUS DRUG ACT,BALAYHANGIN
7,11,2,MURDER,IMOK
7,16,23,ALARM AND SCANDAL,PRINZA
7,16,9,VAWC,BALAYHANGIN
7,18,16,COMPREHENSIVE DANGERIOUS DRUG ACT,LAMOT 2
7,20,5,ILLEGAL DISPOSITION OF FIREARMS,SANTO TOMAS
7,20,21,VAWC,BANGYAS
7,21,17,KIDNAPPING,HANGGAN
8,9,17,COMPREHENSIVE DANGERIOUS DRUG ACT,SAN ISIDRO
8,11,0,VAWC,BANGYAS
8,11,23,ILLEGAL GAMBLING,BANGYAS
8,14,15,COMPREHENSIVE DANGERIOUS DRUG ACT,DAYAP
8,15,21,COMPREHENSIVE DANGERIOUS DRUG ACT,BALAYHANGIN
8,16,19,COMPREHENSIVE DANGERIOUS DRUG ACT,IMOK
8,18,23,VEHICULAR ACCIDENT,DAYAP
8,20,18,HOMICIDE,LIMAO
8,21,21,COMPREHENSIVE DANGERIOUS DRUG ACT,BALAYHANGIN
8,22,19,COMPREHENSIVE DANGERIOUS DRUG ACT,DAYAP
8,23,9,MURDER,LIMAO
8,23,12,COMPREHENSIVE DANGERIOUS DRUG ACT,IMOK
8,26,13,ACTS OF LASCIVIOUSNESS,LAMOT 1
8,26,16,HOMICIDE,DAYAP
8,27,21,VAWC,DAYAP
9,2,2,VEHICULAR ACCIDENT,IMOK
9,4,17,COMPREHENSIVE DANGERIOUS DRUG ACT,IMOK
9,7,23,HIT AND RUN,MASIIT
9,8,18,ALARM AND SCANDAL,SILANGAN
9,8,6,MURDER,SANTO TOMAS
9,11,1,COMPREHENSIVE DANGERIOUS DRUG ACT,BANGYAS
9,14,20,COMPREHENSIVE DANGERIOUS DRUG ACT,BALAYHANGIN
9,15,12,TRAFFIC RULES,MASIIT
9,18,21,RAPE,PEREZ
9,18,15,COMPREHENSIVE DANGERIOUS DRUG ACT,BANGYAS
9,19,1,VEHICULAR ACCIDENT,HANGGAN
9,20,10,ILLEGAL GAMBLING,SAN ISIDRO
9,20,13,TRAFFIC RULES,BANGYAS
9,21,10,ILLEGAL GAMBLING,DAYAP
9,25,20,MURDER,SANTO TOMAS
9,28,1,TRAFFIC RULES,MASIIT
9,28,23,COMPREHENSIVE DANGERIOUS DRUG ACT,BALAYHANGIN
9,29,19,HOMICIDE,DAYAP
9,30,0,ROBBERY,BALAYHANGIN
10,2,0,RAPE,SAN ISIDRO
10,4,19,HOMICIDE,LIMAO
10,6,19,COMPREHENSIVE DANGERIOUS DRUG ACT,IMOK
10,8,20,COMPREHENSIVE DANGERIOUS DRUG ACT,LIMAO
10,9,3,ILLEGAL DISPOSITION OF FIREARMS,LAMOT 1
10,15,21,TRAFFIC RULES,PRINZA
10,16,17,COMPREHENSIVE DANGERIOUS DRUG ACT,IMOK
10,21,22,CHILD ABUSE,LAMOT 2
10,22,12,COMPREHENSIVE DANGERIOUS DRUG ACT,BALAYHANGIN
10,25,0,TRAFFIC RULES,SANTO TOMAS
10,26,19,RAPE,BALAYHANGIN
10,28,17,COMPREHENSIVE DANGERIOUS DRUG ACT,BALAYHANGIN
11,1,8,ILLEGAL GAMBLING,DAYAP
11,3,17,COMPREHENSIVE DANGERIOUS DRUG ACT,DAYAP
11,5,8,ILLEGAL GAMBLING,KANLURAN
11,5,17,COMPREHENSIVE DANGERIOUS DRUG ACT,BALAYHANGIN
11,6,8,RAPE,BANGYAS
11,6,20,ILLEGAL GAMBLING,MABACAN
11,11,19,ILLEGAL GAMBLING,LIMAO
11,14,0,HOMICIDE,DAYAP
11,16,10,COMPREHENSIVE DANGERIOUS DRUG ACT,BALAYHANGIN
11,20,2,ROBBERY,MASIIT
11,21,21,COMPREHENSIVE DANGERIOUS DRUG ACT,MASIIT
11,21,20,COMPREHENSIVE DANGERIOUS DRUG ACT,SAN ISIDRO
11,23,17,COMPREHENSIVE DANGERIOUS DRUG ACT,BANGYAS
11,23,21,VAWC,DAYAP
11,24,21,ALARM AND SCANDAL,DAYAP
11,25,13,COMPREHENSIVE DANGERIOUS DRUG ACT,BALAYHANGIN
11,25,0,VEHICULAR ACCIDENT,IMOK
11,27,13,HOMICIDE,PEREZ
11,28,15,PARRICIDE,PEREZ
12,1,14,THEFT,BANGYAS
12,5,23,ILLEGAL GAMBLING,PALIPARAN
12,10,7,THEFT,KANLURAN
12,11,19,ILLEGAL GAMBLING,SAN ISIDRO
12,12,18,ILLEGAL DISPOSITION OF FIREARMS,LIMAO
12,14,20,HOMICIDE,MABACAN
12,15,12,COMPREHENSIVE DANGERIOUS DRUG ACT,IMOK
12,23,13,COMPREHENSIVE DANGERIOUS DRUG ACT,IMOK
12,31,23,VEHICULAR ACCIDENT,IMOK
1,1,20,HIT AND RUN,MASIIT
1,9,4,HIT AND RUN,MASIIT
1,19,18,HOMICIDE,KANLURAN
1,28,0,ALARM AND SCANDAL,MASIIT
1,29,0,HOMICIDE,DAYAP
2,9,13,HOMICIDE,SANTO TOMAS
2,15,5,HOMICIDE,DAYAP
2,18,16,HOMICIDE,MASIIT
2,28,16,RAPE,LIMAO
3,2,18,VEHICULAR ACCIDENT,BALAYHANGIN
3,20,9,VEHICULAR ACCIDENT,IMOK
3,23,13,VEHICULAR ACCIDENT,BALAYHANGIN
3,23,18,VEHICULAR ACCIDENT,LAMOT 2
4,4,8,VEHICULAR ACCIDENT,BALAYHANGIN
4,9,18,HIT AND RUN,BANGYAS
4,12,11,VEHICULAR ACCIDENT,MASIIT
4,26,14,VEHICULAR ACCIDENT,BANGYAS
5,2,8,VEHICULAR ACCIDENT,IMOK
5,17,6,VEHICULAR ACCIDENT,MASIIT
5,22,21,ILLEGAL DISPOSITION OF FIREARMS,LAMOT 2
5,30,20,VEHICULAR ACCIDENT,SANTO TOMAS
6,5,17,GRAVE THREAT,KANLURAN
7,11,18,VEHICULAR ACCIDENT,IMOK
7,13,21,VEHICULAR ACCIDENT,LAMOT 2
7,18,5,VEHICULAR ACCIDENT,DAYAP
7,25,14,VEHICULAR ACCIDENT,HANGGAN
7,28,22,VEHICULAR ACCIDENT,BALAYHANGIN
8,2,23,VEHICULAR ACCIDENT,DAYAP
8,3,12,VEHICULAR ACCIDENT,BALAYHANGIN
8,14,15,ALARM AND SCANDAL,KANLURAN
8,21,10,VEHICULAR ACCIDENT,KANLURAN
8,27,0,ALARM AND SCANDAL,SANTO TOMAS
8,30,14,VEHICULAR ACCIDENT,BANGYAS
9,13,19,HOMICIDE,BANGYAS
9,20,11,VEHICULAR ACCIDENT,BANGYAS
10,13,15,VEHICULAR ACCIDENT,LAMOT 2
10,27,12,VEHICULAR ACCIDENT,BANGYAS
11,8,18,VEHICULAR ACCIDENT,LAMOT 1
11,9,1,ALARM AND SCANDAL,PALIPARAN
11,22,21,ILLEGAL DISPOSITION OF FIREARMS,DAYAP
11,27,0,COMPREHENSIVE FIREARMS AND AMMUNITION REGULATION ACT,BALAYHANGIN
11,28,4,HOMICIDE,BALAYHANGIN
11,28,20,VEHICULAR ACCIDENT,LAMOT 2
11,29,2,ALARM AND SCANDAL,DAYAP
12,9,12,CHILD ABUSE,BALAYHANGIN
12,10,10,ACTS OF LASCIVIOUSNESS,SANTO TOMAS
12,12,18,RAPE,MASIIT
12,16,18,VEHICULAR ACCIDENT,LAMOT 1
12,22,20,RAPE,SANTO TOMAS
12,31,16,RAPE,LAMOT 2
1,4,7,THEFT,SILANGAN
1,5,3,ROBBERY,DAYAP
1,6,12,COMPREHENSIVE DANGERIOUS DRUG ACT,IMOK
1,6,16,VEHICULAR ACCIDENT,SANTO TOMAS
1,11,23,COMPREHENSIVE DANGERIOUS DRUG ACT,DAYAP
1,13,10,ROBBERY,SILANGAN
1,15,7,ACTS OF LASCIVIOUSNESS,MABACAN
1,16,15,COMPREHENSIVE DANGERIOUS DRUG ACT,LAMOT 2
1,26,18,VAWC,DAYAP
1,27,19,COMPREHENSIVE DANGERIOUS DRUG ACT,DAYAP
1,27,11,CHILD ABUSE,DAYAP
1,28,15,COMPREHENSIVE DANGERIOUS DRUG ACT,MASIIT
1,28,22,COMPREHENSIVE DANGERIOUS DRUG ACT,HANGGAN
1,29,17,COMPREHENSIVE DANGERIOUS DRUG ACT,SANTO TOMAS
2,1,14,COMPREHENSIVE DANGERIOUS DRUG ACT,DAYAP
2,1,17,VAWC,MABACAN
2,1,21,VAWC,BANGAYAS
2,3,16,COMPREHENSIVE DANGERIOUS DRUG ACT,BALAYHANGIN
2,3,9,VEHICULAR ACCIDENT,BALAYHANGIN
2,5,21,MURDER,PEREZ
2,7,9,VAWC,LAMOT 2
2,9,2,HOMICIDE,BANGYAS
2,13,14,ACTS OF LASCIVIOUSNESS,MABACAN
2,16,14,ACTS OF LASCIVIOUSNESS,DAYAP
2,17,12,VAWC,LIMAO
2,19,8,HOMICIDE,MABACAN
2,19,19,COMPREHENSIVE DANGERIOUS DRUG ACT,DAYAP
2,24,17,RAPE,SANTO TOMAS
2,25,15,COMPREHENSIVE DANGERIOUS DRUG ACT,BANGYAS
2,27,13,COMPREHENSIVE DANGERIOUS DRUG ACT,DAYAP
2,27,16,ACTS OF LASCIVIOUSNESS,DAYAP
3,2,20,COMPREHENSIVE DANGERIOUS DRUG ACT,DAYAP
3,3,7,MURDER,BALAYHANGIN
3,3,16,PARRICIDE,PRINZA
3,3,20,COMPREHENSIVE DANGERIOUS DRUG ACT,BALAYHANGIN
3,5,19,CHILD ABUSE,DAYAP
3,5,13,CHILD ABUSE,DAYAP
3,5,14,HOMICIDE,DAYAP
3,7,16,THEFT,BANGYAS
3,7,6,CHILD ABUSE,MABACAN
3,8,22,VAWC,LAMOT 2
3,9,13,ACTS OF LASCIVIOUSNESS,DAYAP
3,11,3,THEFT,DAYAP
3,11,15,COMPREHENSIVE DANGERIOUS DRUG ACT,BALAYHANGIN
3,12,23,COMPREHENSIVE DANGERIOUS DRUG ACT,MASIIT
3,15,16,HOMICIDE,DAYAP
3,15,18,ALARM AND SCANDAL,DAYAP
3,15,17,THEFT,MASIIT
3,17,17,COMPREHENSIVE DANGERIOUS DRUG ACT,BALAYHANGIN
3,19,2,COMPREHENSIVE DANGERIOUS DRUG ACT,HANGGAN
3,19,16,COMPREHENSIVE DANGERIOUS DRUG ACT,DAYAP
3,20,13,CHILD ABUSE,DAYAP
3,23,6,VAWC,BANGYAS
3,25,19,ILLEGAL GAMBLING,SAN ISIDRO
3,31,19,MURDER,LIMAO
3,31,3,ROBBERY,MABACAN
4,2,18,COMPREHENSIVE DANGERIOUS DRUG ACT,DAYAP
4,3,11,ACTS OF LASCIVIOUSNESS,SAN ISIDRO
4,7,6,HOMICIDE,PALIPARAN
4,8,18,THEFT,SILANGAN
4,11,22,VAWC,SILANGAN
4,17,0,COMPREHENSIVE DANGERIOUS DRUG ACT,LAMOT 2
4,17,22,COMPREHENSIVE DANGERIOUS DRUG ACT,DAYAP
4,19,15,CHILD ABUSE,DAYAP
4,20,18,ILLEGAL GAMBLING,SAN ISIDRO
4,22,14,CHILD ABUSE,BANGYAS
4,26,0,CHILD ABUSE,BANGYAS
4,28,14,THEFT,SAN ISIDRO
4,30,18,COMPREHENSIVE DANGERIOUS DRUG ACT,BALAYHANGIN
5,2,10,COMPREHENSIVE DANGERIOUS DRUG ACT,DAYAP
5,4,21,COMPREHENSIVE DANGERIOUS DRUG ACT,SAN ISIDRO
5,8,0,ALARM AND SCANDAL,SANTO TOMAS
5,11,20,COMPREHENSIVE DANGERIOUS DRUG ACT,BALAYHANGIN
5,11,17,COMPREHENSIVE DANGERIOUS DRUG ACT,LIMAO
5,12,16,COMPREHENSIVE DANGERIOUS DRUG ACT,LIMAO
5,12,22,COMPREHENSIVE DANGERIOUS DRUG ACT,LAMOT 2
5,13,17,VAWC,MASIIT
5,14,6,RAPE,BANGYAS
5,19,3,THEFT,BANGYAS
5,19,7,CHILD ABUSE,SAN ISIDRO
5,20,5,COMPREHENSIVE DANGERIOUS DRUG ACT,SILANGAN
5,21,17,VAWC,SANTO TOMAS
5,22,23,ILLEGAL DISPOSITION OF FIREARMS,SILANGAN
5,24,10,RAPE,DAYAP
5,25,11,COMPREHENSIVE DANGERIOUS DRUG ACT,SILANGAN
5,25,16,VAWC,PRINZA
5,28,15,COMPREHENSIVE DANGERIOUS DRUG ACT,SILANGAN
6,1,4,MURDER,HANGGAN
6,2,12,ILLEGAL DISPOSITION OF FIREARMS,DAYAP
6,3,0,COMPREHENSIVE DANGERIOUS DRUG ACT,SILANGAN
6,3,17,COMPREHENSIVE DANGERIOUS DRUG ACT,MASIIT
6,4,15,ILLEGAL DISPOSITION OF FIREARMS,BALAYHANGIN
6,5,16,COMPREHENSIVE DANGERIOUS DRUG ACT,SILANGAN
6,6,20,THEFT,MASIIT
6,9,19,COMPREHENSIVE DANGERIOUS DRUG ACT,SILANGAN
6,9,19,HOMICIDE,MASIIT
6,14,2,COMPREHENSIVE DANGERIOUS DRUG ACT,SANTO TOMAS
6,17,15,COMPREHENSIVE DANGERIOUS DRUG ACT,BALAYHANGIN
6,18,18,COMPREHENSIVE DANGERIOUS DRUG ACT,LAMOT 1
6,21,21,COMPREHENSIVE DANGERIOUS DRUG ACT,SILANGAN
6,23,18,COMPREHENSIVE DANGERIOUS DRUG ACT,DAYAP
6,24,0,ROBBERY,MASIIT
6,27,3,COMPREHENSIVE DANGERIOUS DRUG ACT,BALAYHANGIN
6,27,20,CHILD ABUSE,DAYAP
6,27,13,CHILD ABUSE,SANTO TOMAS
7,7,20,VAWC,IMOK
7,14,16,CHILD ABUSE,BALAYHANGIN
7,14,16,CHILD ABUSE,BALAYHANGIN
7,19,12,COMPREHENSIVE DANGERIOUS DRUG ACT,BALAYHANGIN
7,19,14,COMPREHENSIVE DANGERIOUS DRUG ACT,BALAYHANGIN
7,19,13,VAWC,PEREZ
7,21,18,VAWC,SANTO TOMAS
7,22,18,THEFT,LAMOT 2
7,22,17,COMPREHENSIVE DANGERIOUS DRUG ACT,SILANGAN
7,22,3,ACTS OF LASCIVIOUSNESS,DAYAP
7,28,22,COMPREHENSIVE DANGERIOUS DRUG ACT,PEREZ
7,29,23,COMPREHENSIVE DANGERIOUS DRUG ACT,LAMOT 2
8,2,3,RAPE,PEREZ
8,3,19,VEHICULAR ACCIDENT,SANTO TOMAS
8,5,20,VAWC,BANGYAS
8,5,16,VAWC,SILANGAN
8,6,11,COMPREHENSIVE DANGERIOUS DRUG ACT,KANLURAN
8,6,17,COMPREHENSIVE DANGERIOUS DRUG ACT,KANLURAN
8,7,4,ILLEGAL DISPOSITION OF FIREARMS,LIMAO
8,7,4,ILLEGAL DISPOSITION OF FIREARMS,LIMAO
8,12,13,TRAFFIC RULES,SILANGAN
8,12,0,VAWC,DAYAP
8,14,16,COMPREHENSIVE DANGERIOUS DRUG ACT,BALAYHANGIN
8,15,14,COMPREHENSIVE DANGERIOUS DRUG ACT,DAYAP
8,15,15,COMPREHENSIVE DANGERIOUS DRUG ACT,DAYAP
8,17,8,MURDER,LAMOT 2
8,18,18,COMPREHENSIVE DANGERIOUS DRUG ACT,DAYAP
8,19,8,ROBBERY,DAYAP
8,21,19,COMPREHENSIVE DANGERIOUS DRUG ACT,SILANGAN
8,22,8,VAWC,MASIIT
8,24,20,COMPREHENSIVE DANGERIOUS DRUG ACT,MABACAN
8,31,1,MUDER,PEREZ
9,3,15,COMPREHENSIVE DANGERIOUS DRUG ACT,DAYAP
9,4,19,MURDER,MABACAN
9,6,19,COMPREHENSIVE DANGERIOUS DRUG ACT,DAYAP
9,7,20,RAPE,SAN ISIDRO
9,7,21,COMPREHENSIVE DANGERIOUS DRUG ACT,DAYAP
9,9,15,COMPREHENSIVE DANGERIOUS DRUG ACT,BALAYHANGIN
9,9,13,VEHICULAR ACCIDENT,IMOK
9,11,15,RAPE,LAMOT 1
9,11,15,RAPE,SANTO TOMAS
9,13,2,CHILD ABUSE,DAYAP
9,14,16,THEFT,HANGGAN
9,17,20,COMPREHENSIVE DANGERIOUS DRUG ACT,SANTO TOMAS
9,17,23,COMPREHENSIVE DANGERIOUS DRUG ACT,SAN ISIDRO
9,18,15,COMPREHENSIVE DANGERIOUS DRUG ACT,SILANGAN
9,19,13,COMPREHENSIVE DANGERIOUS DRUG ACT,BALAYHANGIN
9,23,14,COMPREHENSIVE DANGERIOUS DRUG ACT,LAMOT 2
9,25,3,COMPREHENSIVE DANGERIOUS DRUG ACT,PRINZA
9,30,15,MURDER,BALAYHANGIN
10,2,18,RAPE,LAMOT 2
10,2,22,VEHICULAR ACCIDENT,MASIIT
10,2,23,RAPE,LAMOT 2
10,8,18,HOMICIDE,BALAYHANGIN
10,9,8,CHILD ABUSE,DAYAP
10,10,1,COMPREHENSIVE DANGERIOUS DRUG ACT,DAYAP
10,10,15,COMPREHENSIVE DANGERIOUS DRUG ACT,BALAYHANGIN
10,11,19,COMPREHENSIVE DANGERIOUS DRUG ACT,LIMAO
10,12,9,VAWC,LAMOT 1
10,12,4,VEHICULAR ACCIDENT,LIMAO
10,12,5,VEHICULAR ACCIDENT,DAYAP
10,13,0,COMPREHENSIVE DANGERIOUS DRUG ACT,DAYAP
10,13,18,COMPREHENSIVE DANGERIOUS DRUG ACT,DAYAP
10,15,11,COMPREHENSIVE DANGERIOUS DRUG ACT,BANGYAS
10,15,2,RAPE,PEREZ
10,16,1,ALARM AND SCANDAL,SANTO TOMAS
10,19,22,COMPREHENSIVE DANGERIOUS DRUG ACT,SILANGAN
10,24,16,CHILD ABUSE,MASIIT
10,27,23,ALARM AND SCANDAL,DAYAP
10,30,14,MURDER,BALAYHANGIN
11,1,10,VEHICULAR ACCIDENT,SILANGAN
11,5,9,COMPREHENSIVE DANGERIOUS DRUG ACT,BALAYHANGIN
11,8,22,VEHICULAR ACCIDENT,LAMOT 1
11,10,17,VEHICULAR ACCIDENT,MABACAN
11,12,6,VEHICULAR ACCIDENT,BALAYHANGIN
11,13,13,COMPREHENSIVE DANGERIOUS DRUG ACT,PRINZA
11,13,19,CHILD ABUSE,LIMAO
11,15,14,MURDER,LAMOT 1
11,15,1,HOMICIDE,BALAYHANGIN
11,15,1,THEFT,BALAYHANGIN
11,17,10,VAWC,LAMOT 1
11,17,16,COMPREHENSIVE DANGERIOUS DRUG ACT,PRINZA
11,24,13,COMPREHENSIVE DANGERIOUS DRUG ACT,BALAYHANGIN
11,25,19,VAWC,BALAYHANGIN
11,29,15,HOMICIDE,MASIIT
11,29,16,CHILD ABUSE,DAYAP
12,1,9,THEFT,IMOK
12,2,13,COMPREHENSIVE DANGERIOUS DRUG ACT,BALAYHANGIN
12,3,11,VEHICULAR ACCIDENT,BALAYHANGIN
12,4,14,COMPREHENSIVE DANGERIOUS DRUG ACT,DAYAP
12,4,17,COMPREHENSIVE DANGERIOUS DRUG ACT,SANTO TOMAS
12,4,15,VEHICULAR ACCIDENT,SILANGAN
12,7,8,ROBBERY,BALAYHANGIN
12,8,21,VEHICULAR ACCIDENT,KANLURAN
12,10,1,COMPREHENSIVE DANGERIOUS DRUG ACT,BALAYHANGIN
12,11,9,COMPREHENSIVE DANGERIOUS DRUG ACT,BALAYHANGIN
12,11,12,COMPREHENSIVE DANGERIOUS DRUG ACT,BALAYHANGIN
12,16,19,VAWC,SAN ISIDRO
12,20,15,COMPREHENSIVE DANGERIOUS DRUG ACT,SAN ISIDRO
12,20,20,VAWC,BANGYAS
12,26,1,ALARM AND SCANDAL,MABACAN
12,27,4,THEFT,SAN ISIDRO
12,28,7,MURDER,LIMAO
12,28,4,THEFT,IMOK
12,31,15,ROBBERY,HANGGAN
1,1,12,VAWC,BANGYAS
1,1,12,VEHICULAR ACCIDENT,MASIIT
1,4,13,COMPREHENSIVE DANGERIOUS DRUG ACT,BALAYHANGIN
1,5,23,CHILD ABUSE,MABACAN
1,6,20,ILLEGAL DISPOSITION OF FIREARMS,BALAYHANGIN
1,12,12,CHILD ABUSE,DAYAP
1,12,23,THEFT,BALAYHANGIN
1,12,19,COMPREHENSIVE DANGERIOUS DRUG ACT,BALAYHANGIN
1,12,23,COMPREHENSIVE DANGERIOUS DRUG ACT,DAYAP
1,12,19,ALARM AND SCANDAL,DAYAP
1,16,6,VAWC,MABACAN
1,22,8,VAWC,HANGGAN
1,26,15,COMPREHENSIVE DANGERIOUS DRUG ACT,DAYAP
1,27,17,ALARM AND SCANDAL,PRINZA
2,1,11,VAWC,LAMOT 1
2,2,19,VEHICULAR ACCIDENT,IMOK
2,5,6,RAPE,LAMOT 1
2,7,6,VAWC,SANTO TOMAS
2,9,6,VEHICULAR ACCIDENT,IMOK
2,10,20,COMPREHENSIVE DANGERIOUS DRUG ACT,BALAYHANGIN
2,10,21,COMPREHENSIVE DANGERIOUS DRUG ACT,IMOK
2,20,23,COMPREHENSIVE DANGERIOUS DRUG ACT,SANTO TOMAS
2,28,0,ALARM AND SCANDAL,DAYAP
3,3,3,THEFT,IMOK
3,6,17,HOMICIDE,SANTO TOMAS
3,6,20,COMPREHENSIVE DANGERIOUS DRUG ACT,DAYAP
3,6,21,COMPREHENSIVE DANGERIOUS DRUG ACT,SANTO TOMAS
3,10,19,TRAFFIC RULES,SILANGAN
3,10,23,COMPREHENSIVE DANGERIOUS DRUG ACT,MABACAN
3,11,5,ACTS OF LASCIVIOUSNESS,LAMOT 1
3,16,0,MURDER,LAMOT 1
3,16,22,CHILD ABUSE,BANGYAS
3,16,11,ROBBERY,LAMOT 2
3,27,17,MURDER,IMOK
3,30,22,VAWC,DAYAP
3,30,1,COMPREHENSIVE DANGERIOUS DRUG ACT,SANTO TOMAS
4,3,19,COMPREHENSIVE DANGERIOUS DRUG ACT,SAN ISIDRO
4,4,17,CHILD ABUSE,LAMOT 2
4,4,19,VEHICULAR ACCIDENT,BANGYAS
4,6,18,HOMICIDE,MABACAN
4,9,17,VEHICULAR ACCIDENT,MASIIT
4,10,7,VEHICULAR ACCIDENT,IMOK
4,14,16,RAPE,SANTO TOMAS
4,14,5,CARNAPPING,BALAYHANGIN
4,15,16,COMPREHENSIVE DANGERIOUS DRUG ACT,SILANGAN
4,15,12,VAWC,KANLURAN
4,19,13,HOMICIDE,LAMOT 1
4,22,5,ILLEGAL DISPOSITION OF FIREARMS,DAYAP
4,25,13,COMPREHENSIVE DANGERIOUS DRUG ACT,IMOK
4,26,14,MURDER,PEREZ
4,26,6,COMPREHENSIVE DANGERIOUS DRUG ACT,SILANGAN
5,1,12,VEHICULAR ACCIDENT,MASIIT
5,2,23,VEHICULAR ACCIDENT,MABACAN
5,2,8,VEHICULAR ACCIDENT,SILANGAN
5,9,21,ROBBERY,DAYAP
5,10,11,HOMICIDE,HANGGAN
5,15,19,CHILD ABUSE,DAYAP
5,19,22,COMPREHENSIVE DANGERIOUS DRUG ACT,LIMAO
5,29,23,MURDER,DAYAP
5,29,22,CHILD ABUSE,BANGYAS
6,6,11,COMPREHENSIVE DANGERIOUS DRUG ACT,SANTO TOMAS
6,7,9,COMPREHENSIVE DANGERIOUS DRUG ACT,IMOK
6,9,16,ROBBERY,KANLURAN
6,16,22,COMPREHENSIVE DANGERIOUS DRUG ACT,DAYAP
6,19,23,COMPREHENSIVE DANGERIOUS DRUG ACT,SANTO TOMAS
6,21,14,MURDER,LAMOT 2
6,21,13,ALARM AND SCANDAL,DAYAP
6,24,23,COMPREHENSIVE DANGERIOUS DRUG ACT,BANGYAS
6,24,19,Violation of RA 9287,SAN ISIDRO
6,26,16,HOMICIDE,PRINZA
6,26,22,CARNAPPING,MASIIT
6,26,3,COMPREHENSIVE DANGERIOUS DRUG ACT,LAMOT 2
7,2,3,COMPREHENSIVE DANGERIOUS DRUG ACT,DAYAP
7,2,2,COMPREHENSIVE DANGERIOUS DRUG ACT,DAYAP
7,10,11,COMPREHENSIVE DANGERIOUS DRUG ACT,DAYAP
7,10,9,VEHICULAR ACCIDENT,IMOK
7,14,23,MURDER,LAMOT 2
7,14,19,COMPREHENSIVE DANGERIOUS DRUG ACT,DAYAP
7,14,20,COMPREHENSIVE DANGERIOUS DRUG ACT,LIMAO
7,15,5,HOMICIDE,LAMOT 2
7,17,14,CHILD ABUSE,BANGYAS
7,20,6,THEFT,LAMOT 2
7,21,12,COMPREHENSIVE DANGERIOUS DRUG ACT,DAYAP
7,25,2,VAWC,SILANGAN
7,25,1,COMPREHENSIVE DANGERIOUS DRUG ACT,DAYAP
7,28,12,RAPE,IMOK
7,30,21,THEFT,MASIIT
8,1,15,HOMICIDE,IMOK
8,5,6,MURDER,IMOK
8,7,13,VAWC,DAYAP
8,7,1,COMPREHENSIVE DANGERIOUS DRUG ACT,DAYAP
8,7,1,COMPREHENSIVE DANGERIOUS DRUG ACT,DAYAP
8,7,1,COMPREHENSIVE DANGERIOUS DRUG ACT,DAYAP
8,13,16,COMPREHENSIVE DANGERIOUS DRUG ACT,DAYAP
8,15,3,COMPREHENSIVE DANGERIOUS DRUG ACT,DAYAP
8,18,0,COMPREHENSIVE DANGERIOUS DRUG ACT,LIMAO
8,20,17,COMPREHENSIVE DANGERIOUS DRUG ACT,SANTO TOMAS
8,21,22,COMPREHENSIVE DANGERIOUS DRUG ACT,SANTO TOMAS
8,27,20,COMPREHENSIVE DANGERIOUS DRUG ACT,DAYAP
8,27,23,COMPREHENSIVE DANGERIOUS DRUG ACT,DAYAP
8,29,20,COMPREHENSIVE DANGERIOUS DRUG ACT,SANTO TOMAS
9,2,6,COMPREHENSIVE DANGERIOUS DRUG ACT,SANTO TOMAS
9,3,10,THEFT,MASIIT
9,4,15,COMPREHENSIVE DANGERIOUS DRUG ACT,DAYAP
9,6,15,ILLEGAL DISPOSITION OF FIREARMS,DAYAP
9,7,17,RAPE,PALIPARAN
9,8,13,COMPREHENSIVE DANGERIOUS DRUG ACT,DAYAP
9,10,14,COMPREHENSIVE DANGERIOUS DRUG ACT,BANGYAS
9,11,18,HOMICIDE,PRINZA
9,12,13,COMPREHENSIVE DANGERIOUS DRUG ACT,DAYAP
9,16,11,COMPREHENSIVE DANGERIOUS DRUG ACT,MASIIT
9,17,13,MURDER,IMOK
9,20,9,COMPREHENSIVE DANGERIOUS DRUG ACT,HANGGAN
9,23,23,COMPREHENSIVE DANGERIOUS DRUG ACT,DAYAP
9,28,21,COMPREHENSIVE DANGERIOUS DRUG ACT,MASIIT
10,1,21,COMPREHENSIVE DANGERIOUS DRUG ACT,HANGGAN
10,1,23,COMPREHENSIVE DANGERIOUS DRUG ACT,DAYAP
10,2,20,VAWC,IMOK
10,4,21,COMPREHENSIVE DANGERIOUS DRUG ACT,SANTO TOMAS
10,4,22,COMPREHENSIVE DANGERIOUS DRUG ACT,SANTO TOMAS
10,7,15,VEHICULAR ACCIDENT,MASIIT
10,8,18,MURDER,LAMOT 1
10,11,23,COMPREHENSIVE DANGERIOUS DRUG ACT,SILANGAN
10,12,20,COMPREHENSIVE DANGERIOUS DRUG ACT,SILANGAN
10,18,0,VAWC,KANLURAN
10,19,11,COMPREHENSIVE DANGERIOUS DRUG ACT,DAYAP
10,19,17,COMPREHENSIVE DANGERIOUS DRUG ACT,PRINZA
10,23,18,COMPREHENSIVE DANGERIOUS DRUG ACT,BALAYHANGIN
10,25,23,COMPREHENSIVE DANGERIOUS DRUG ACT,DAYAP
10,31,17,COMPREHENSIVE DANGERIOUS DRUG ACT,BALAYHANGIN
11,1,4,ROBBERY,SANTO TOMAS
11,5,15,COMPREHENSIVE DANGERIOUS DRUG ACT,DAYAP
11,7,6,VEHICULAR ACCIDENT,PALIPARAN
11,8,16,COMPREHENSIVE DANGERIOUS DRUG ACT,SAN ISIDRO
11,8,16,COMPREHENSIVE DANGERIOUS DRUG ACT,LAMOT 1
11,14,22,CARNAPPING,SAN ISIDRO
11,16,5,COMPREHENSIVE DANGERIOUS DRUG ACT,SAN ISIDRO
11,16,8,COMPREHENSIVE DANGERIOUS DRUG ACT,SAN ISIDRO
11,23,8,COMPREHENSIVE DANGERIOUS DRUG ACT,DAYAP
11,29,1,COMPREHENSIVE DANGERIOUS DRUG ACT,DAYAP
11,29,6,COMPREHENSIVE DANGERIOUS DRUG ACT,LAMOT 2
11,30,6,COMPREHENSIVE DANGERIOUS DRUG ACT,DAYAP
11,30,6,COMPREHENSIVE DANGERIOUS DRUG ACT,DAYAP
11,30,6,COMPREHENSIVE DANGERIOUS DRUG ACT,DAYAP
11,30,7,COMPREHENSIVE DANGERIOUS DRUG ACT,SANTO TOMAS
11,30,7,COMPREHENSIVE DANGERIOUS DRUG ACT,SANTO TOMAS
11,30,7,COMPREHENSIVE DANGERIOUS DRUG ACT,DAYAP
11,30,7,COMPREHENSIVE DANGERIOUS DRUG ACT,SANTO TOMAS
11,30,7,COMPREHENSIVE DANGERIOUS DRUG ACT,DAYAP
11,30,8,COMPREHENSIVE DANGERIOUS DRUG ACT,LAMOT 2
12,4,15,VAWC,DAYAP
12,6,18,COMPREHENSIVE DANGERIOUS DRUG ACT,SANTO TOMAS
12,12,21,COMPREHENSIVE DANGERIOUS DRUG ACT,DAYAP
12,20,16,COMPREHENSIVE DANGERIOUS DRUG ACT,DAYAP
12,23,6,COMPREHENSIVE DANGERIOUS DRUG ACT,BANGYAS
12,23,6,COMPREHENSIVE DANGERIOUS DRUG ACT,BANGYAS
1,3,17,ILLEGAL GAMBLING,DAYAP
1,6,0,CHILD ABUSE,SANTO TOMAS
1,8,19,ILLEGAL GAMBLING,SANTO TOMAS
1,8,12,CHILD ABUSE,DAYAP
1,10,17,ALARM AND SCANDAL,SANTO TOMAS
1,12,15,ILLEGAL GAMBLING,MASIIT
1,12,16,ILLEGAL GAMBLING,PRINZA
1,15,17,COMPREHENSIVE DANGERIOUS DRUG ACT,SILANGAN
2,5,18,COMPREHENSIVE DANGERIOUS DRUG ACT,BALAYHANGIN
2,9,22,COMPREHENSIVE DANGERIOUS DRUG ACT,DAYAP
2,10,17,COMPREHENSIVE DANGERIOUS DRUG ACT,SILANGAN
2,16,8,VAWC,DAYAP
3,1,22,ILLEGAL GAMBLING,DAYAP
3,3,17,ILLEGAL GAMBLING,SANTO TOMAS
3,6,15,COMPREHENSIVE DANGERIOUS DRUG ACT,BALAYHANGIN
3,8,21,ILLEGAL GAMBLING,HANGGAN
4,4,16,COMPREHENSIVE DANGERIOUS DRUG ACT,BALAYHANGIN
4,7,16,ILLEGAL GAMBLING,SANTO TOMAS
4,8,20,COMPREHENSIVE FIREARMS AND AMMUNITION REGULATION ACT,LAMOT 2
4,9,17,COMPREHENSIVE DANGERIOUS DRUG ACT,KANLURAN
5,1,23,COMPREHENSIVE DANGERIOUS DRUG ACT,SANTO TOMAS
5,5,1,COMPREHENSIVE DANGERIOUS DRUG ACT,SILANGAN
7,5,17,ILLEGAL GAMBLING,LIMAO
7,6,16,ILLEGAL GAMBLING,DAYAP
7,7,17,ILLEGAL GAMBLING,DAYAP
8,2,14,ILLEGAL GAMBLING,DAYAP
8,8,17,COMPREHENSIVE DANGERIOUS DRUG ACT,LAMOT 2
9,6,16,COMPREHENSIVE DANGERIOUS DRUG ACT,LAMOT 1
9,7,20,COMPREHENSIVE DANGERIOUS DRUG ACT,SANTO TOMAS
9,7,12,ACTS OF LASCIVIOUSNESS,DAYAP
9,7,1,ALARM AND SCANDAL,DAYAP
10,1,1,COMPREHENSIVE DANGERIOUS DRUG ACT,LAMOT 2
10,1,17,CHILD ABUSE,DAYAP
10,4,18,COMPREHENSIVE DANGERIOUS DRUG ACT,MASIIT
10,4,15,ILLEGAL GAMBLING,LAMOT 2
10,4,16,ILLEGAL GAMBLING,MASIIT
10,7,19,COMPREHENSIVE DANGERIOUS DRUG ACT,DAYAP
10,7,13,COMPREHENSIVE FIREARMS AND AMMUNITION REGULATION ACT,LAMOT 1
10,10,16,ILLEGAL GAMBLING,DAYAP
11,1,3,COMPREHENSIVE DANGERIOUS DRUG ACT,KANLURAN
11,10,23,ILLEGAL GAMBLING,DAYAP
12,3,0,ALARM AND SCANDAL,SAN ISIDRO
12,6,16,COMPREHENSIVE DANGERIOUS DRUG ACT,LAMOT 2
12,6,11,COMPREHENSIVE DANGERIOUS DRUG ACT,LAMOT 1
1,2,1,ALARM AND SCANDAL,DAYAP
1,3,16,ILLEGAL GAMBLING,SANTO TOMAS
1,6,23,COMPREHENSIVE DANGERIOUS DRUG ACT,DAYAP
1,9,17,COMPREHENSIVE DANGERIOUS DRUG ACT,SANTO TOMAS
1,9,22,COMPREHENSIVE DANGERIOUS DRUG ACT,SANTO TOMAS
1,10,23,COMPREHENSIVE DANGERIOUS DRUG ACT,DAYAP
2,2,22,RAPE,LAMOT 1
2,10,23,COMPREHENSIVE DANGERIOUS DRUG ACT,DAYAP
3,7,5,COMPREHENSIVE DANGERIOUS DRUG ACT,MABACAN
3,7,13,VAWC,KANLURAN
3,10,22,COMPREHENSIVE DANGERIOUS DRUG ACT,DAYAP
3,10,13,ILLEGAL GAMBLING,PEREZ
3,10,13,ILLEGAL GAMBLING,PEREZ
4,2,15,ILLEGAL GAMBLING,LAMOT 2
4,3,19,ROBBERY,PRINZA
4,5,11,ILLEGAL GAMBLING,PRINZA
4,6,22,COMPREHENSIVE DANGERIOUS DRUG ACT,BALAYHANGIN
4,9,14,ILLEGAL GAMBLING,DAYAP
4,9,14,ILLEGAL GAMBLING,SILANGAN
4,9,17,ILLEGAL GAMBLING,BALAYHANGIN
4,9,19,ILLEGAL GAMBLING,BALAYHANGIN
5,2,10,ILLEGAL GAMBLING,DAYAP
5,7,10,ILLEGAL GAMBLING,BALAYHANGIN
5,7,10,ILLEGAL GAMBLING,KANLURAN
5,8,17,VAWC,KANLURAN
5,9,23,COMPREHENSIVE DANGERIOUS DRUG ACT,DAYAP
6,5,10,ROBBERY,KANLURAN
6,8,18,COMPREHENSIVE DANGERIOUS DRUG ACT,DAYAP
6,9,23,COMPREHENSIVE DANGERIOUS DRUG ACT,BALAYHANGIN
6,10,16,COMPREHENSIVE DANGERIOUS DRUG ACT,DAYAP
7,7,1,COMPREHENSIVE DANGERIOUS DRUG ACT,DAYAP
7,7,10,COMPREHENSIVE DANGERIOUS DRUG ACT,KANLURAN
7,9,8,COMPREHENSIVE DANGERIOUS DRUG ACT,SANTO TOMAS
7,9,16,COMPREHENSIVE DANGERIOUS DRUG ACT,SANTO TOMAS
7,10,14,COMPREHENSIVE DANGERIOUS DRUG ACT,DAYAP
8,4,12,MURDER,BALAYHANGIN
8,6,19,ACTS OF LASCIVIOUSNESS,SILANGAN
8,7,23,COMPREHENSIVE DANGERIOUS DRUG ACT,SAN ISIDRO
8,8,9,ILLEGAL GAMBLING,LAMOT 2
8,8,10,ILLEGAL GAMBLING,LAMOT 2
8,8,13,ILLEGAL GAMBLING,SANTO TOMAS
9,3,19,RAPE,PEREZ
9,3,7,COMPREHENSIVE DANGERIOUS DRUG ACT,DAYAP
9,3,8,COMPREHENSIVE DANGERIOUS DRUG ACT,DAYAP
9,3,10,COMPREHENSIVE DANGERIOUS DRUG ACT,DAYAP
9,4,16,RAPE,MASIIT
9,5,18,COMPREHENSIVE DANGERIOUS DRUG ACT,SANTO TOMAS
9,5,10,ILLEGAL GAMBLING,BALAYHANGIN
9,7,11,VAWC,SANTO TOMAS
9,7,18,ROBBERY,BANGYAS
9,7,19,ILLEGAL GAMBLING,SANTO TOMAS
9,7,20,ILLEGAL GAMBLING,DAYAP
9,9,15,ILLEGAL GAMBLING,DAYAP
9,10,20,COMPREHENSIVE DANGERIOUS DRUG ACT,DAYAP
9,10,23,COMPREHENSIVE DANGERIOUS DRUG ACT,DAYAP
10,4,13,ILLEGAL GAMBLING,DAYAP
10,6,21,ROBBERY,KANLURAN
10,6,11,ILLEGAL GAMBLING,SANTO TOMAS
10,10,1,COMPREHENSIVE DANGERIOUS DRUG ACT,DAYAP
10,10,14,COMPREHENSIVE DANGERIOUS DRUG ACT,DAYAP
10,10,14,COMPREHENSIVE DANGERIOUS DRUG ACT,DAYAP
10,10,18,COMPREHENSIVE DANGERIOUS DRUG ACT,DAYAP
11,5,14,ILLEGAL GAMBLING,DAYAP
11,6,1,COMPREHENSIVE DANGERIOUS DRUG ACT,DAYAP
11,6,17,ILLEGAL GAMBLING,DAYAP
11,9,18,ILLEGAL GAMBLING,BALAYHANGIN
11,9,19,ILLEGAL GAMBLING,BALAYHANGIN
12,6,18,COMPREHENSIVE DANGERIOUS DRUG ACT,DAYAP
12,8,2,COMPREHENSIVE DANGERIOUS DRUG ACT,MABACAN
12,8,3,COMPREHENSIVE DANGERIOUS DRUG ACT,MABACAN
12,8,2,COMPREHENSIVE DANGERIOUS DRUG ACT,MABACAN
12,9,19,COMPREHENSIVE DANGERIOUS DRUG ACT,LAMOT 1
12,9,20,COMPREHENSIVE DANGERIOUS DRUG ACT,LAMOT 1
12,9,23,COMPREHENSIVE DANGERIOUS DRUG ACT,BANGYAS
1,14,17,MURDER,LAMOT 1
1,16,22,COMPREHENSIVE DANGERIOUS DRUG ACT,LAMOT 2
1,17,17,HOMICIDE,SANTO TOMAS
1,18,20,VEHICULAR ACCIDENT,KANLURAN
1,18,15,ALARM AND SCANDAL,PRINZA
1,21,22,COMPREHENSIVE DANGERIOUS DRUG ACT,BALAYHANGIN
1,24,19,HIT AND RUN,KANLURAN
1,24,23,HOMICIDE,BANGYAS
1,24,23,COMPREHENSIVE DANGERIOUS DRUG ACT,SILANGAN
1,27,14,VEHICULAR ACCIDENT,BALAYHANGIN
1,28,20,HIT AND RUN,DAYAP
1,28,5,COMPREHENSIVE DANGERIOUS DRUG ACT,IMOK
1,28,6,COMPREHENSIVE DANGERIOUS DRUG ACT,IMOK
1,28,6,COMPREHENSIVE DANGERIOUS DRUG ACT,PALIPARAN
1,29,23,ROBBERY,LAMOT 2
1,30,9,VEHICULAR ACCIDENT,MASIIT
1,31,17,VEHICULAR ACCIDENT,IMOK
1,31,23,VEHICULAR ACCIDENT,BALAYHANGIN`
1,31,20,ALARM AND SCANDAL,LAMOT 1
1,31,23,COMPREHENSIVE DANGERIOUS DRUG ACT,DAYAP
10,13,21,RAPE,DAYAP
10,15,15,ILLEGAL GAMBLING,MABACAN
10,16,13,ILLEGAL GAMBLING,SANTO TOMAS
10,20,16,VEHICULAR ACCIDENT,MASIIT
10,24,16,CHILD ABUSE,BANGYAS
10,25,16,ILLEGAL GAMBLING,DAYAP
10,26,8,VEHICULAR ACCIDENT,SILANGAN
10,27,20,VEHICULAR ACCIDENT,LAMOT 2
10,27,22,COMPREHENSIVE DANGERIOUS DRUG ACT,DAYAP
10,28,21,COMPREHENSIVE DANGERIOUS DRUG ACT,DAYAP
10,29,1,VEHICULAR ACCIDENT,BANGYAS
10,30,18,VEHICULAR ACCIDENT,PALIPARAN
10,30,20,VEHICULAR ACCIDENT,MASIIT
10,30,13,ILLEGAL GAMBLING,PEREZ
10,30,13,ILLEGAL GAMBLING,PEREZ
10,31,18,COMPREHENSIVE DANGERIOUS DRUG ACT,DAYAP
10,31,20,COMPREHENSIVE DANGERIOUS DRUG ACT,DAYAP
10,31,22,COMPREHENSIVE DANGERIOUS DRUG ACT,DAYAP
11,14,12,VEHICULAR ACCIDENT,BALAYHANGIN
11,20,18,ILLEGAL GAMBLING,DAYAP
11,21,22,VEHICULAR ACCIDENT,LAMOT 1
11,25,19,VEHICULAR ACCIDENT,BALAYHANGIN
11,27,14,VEHICULAR ACCIDENT,PRINZA
11,28,9,VEHICULAR ACCIDENT,BANGYAS
11,29,22,VEHICULAR ACCIDENT,LAMOT 1
12,13,22,ALARM AND SCANDAL,DAYAP
12,15,18,VEHICULAR ACCIDENT,LAMOT 1
12,16,12,VEHICULAR ACCIDENT,SILANGAN
12,19,4,VEHICULAR ACCIDENT,HANGGAN
12,20,1,VEHICULAR ACCIDENT,DAYAP
12,21,11,VEHICULAR ACCIDENT,BALAYHANGIN
12,21,11,VEHICULAR ACCIDENT,BALAYHANGIN
12,22,21,ALARM AND SCANDAL,MASIIT
12,24,14,ILLEGAL GAMBLING,SANTO TOMAS
12,26,13,VEHICULAR ACCIDENT,DAYAP
12,27,18,VEHICULAR ACCIDENT,KANLURAN
12,27,17,MURDER,DAYAP
12,29,14,VEHICULAR ACCIDENT,DAYAP
12,31,19,VEHICULAR ACCIDENT,MASIIT
12,31,12,VEHICULAR ACCIDENT,BALAYHANGIN
2,15,3,THEFT,DAYAP
2,15,11,ILLEGAL GAMBLING,DAYAP
2,15,8,VAWC,BALAYHANGIN
2,17,19,MURDER,LAMOT 2
2,18,10,VEHICULAR ACCIDENT,BALAYHANGIN
2,18,15,ILLEGAL GAMBLING,SANTO TOMAS
2,19,1,COMPREHENSIVE DANGERIOUS DRUG ACT,DAYAP
2,21,19,VEHICULAR ACCIDENT,MASIIT
2,22,21,ALARM AND SCANDAL,IMOK
2,23,16,ILLEGAL GAMBLING,PRINZA
2,24,20,VEHICULAR ACCIDENT,IMOK
2,24,10,COMPREHENSIVE DANGERIOUS DRUG ACT,BANGYAS
2,24,12,COMPREHENSIVE DANGERIOUS DRUG ACT,BANGYAS
2,26,16,ILLEGAL GAMBLING,LIMAO
2,26,17,ILLEGAL GAMBLING,LIMAO
2,27,13,MURDER,HAGGAN
2,28,20,ILLEGAL GAMBLING,DAYAP
3,13,23,HOMICIDE,HANGGAN
3,15,19,VEHICULAR ACCIDENT,KANLURAN
3,16,19,CHILD ABUSE,DAYAP
3,16,13,ACTS OF LASCIVIOUSNESS,SANTO TOMAS
3,17,3,VEHICULAR ACCIDENT,DAYAP
3,17,22,VEHICULAR ACCIDENT,MASIIT
3,17,18,COMPREHENSIVE DANGERIOUS DRUG ACT,BANGYAS
3,17,2,COMPREHENSIVE FIREARMS AND AMMUNITION REGULATION ACT,IMOK
3,17,15,COMPREHENSIVE DANGERIOUS DRUG ACT,SANTO TOMAS
3,18,14,ILLEGAL GAMBLING,MASIIT
3,18,14,ILLEGAL GAMBLING,MASIIT
3,19,10,VEHICULAR ACCIDENT,MASIIT
3,21,17,HOMICIDE,IMOK
3,21,21,COMPREHENSIVE DANGERIOUS DRUG ACT,DAYAP
3,23,6,VEHICULAR ACCIDENT,SILANGAN
3,24,18,COMPREHENSIVE DANGERIOUS DRUG ACT,DAYAP
3,24,15,ILLEGAL GAMBLING,SAN ISIDRO
3,26,18,COMPREHENSIVE DANGERIOUS DRUG ACT,DAYAP
3,28,5,HOMICIDE,BANGYAS
3,28,21,VEHICULAR ACCIDENT,IMOK
3,29,10,COMPREHENSIVE DANGERIOUS DRUG ACT,DAYAP
3,29,13,COMPREHENSIVE DANGERIOUS DRUG ACT,LAMOT 2
3,29,13,ILLEGAL GAMBLING,LAMOT 2
3,29,1,ALARM AND SCANDAL,SILANGAN
3,30,10,VEHICULAR ACCIDENT,BALAYHANGIN
3,31,15,ILLEGAL GAMBLING,DAYAP
4,13,22,ACTS OF LASCIVIOUSNESS,BALAYHANGIN
4,13,23,COMPREHENSIVE DANGERIOUS DRUG ACT,DAYAP
4,14,5,HOMICIDE,DAYAP
4,14,19,COMPREHENSIVE DANGERIOUS DRUG ACT,DAYAP
4,15,11,VAWC,DAYAP
4,16,8,MURDER,MABACAN
4,21,2,COMPREHENSIVE DANGERIOUS DRUG ACT,LAMOT 2
4,21,3,COMPREHENSIVE DANGERIOUS DRUG ACT,LAMOT 2
4,23,21,COMPREHENSIVE DANGERIOUS DRUG ACT,BALAYHANGIN
4,24,18,COMPREHENSIVE DANGERIOUS DRUG ACT,DAYAP
4,27,22,CHILD ABUSE,BANGYAS
5,14,0,VEHICULAR ACCIDENT,BALAYHANGIN
5,14,21,HOMICIDE,LAMOT 1
5,15,19,HOMICIDE,DAYAP
5,15,0,VEHICULAR ACCIDENT,LAMOT 2
5,16,19,VEHICULAR ACCIDENT,MASIIT
5,16,21,COMPREHENSIVE DANGERIOUS DRUG ACT,SILANGAN
5,16,21,COMPREHENSIVE DANGERIOUS DRUG ACT,MABACAN
5,16,17,MURDER,SAN ISIDRO
5,16,20,RAPE,BANGYAS
5,19,9,VEHICULAR ACCIDENT,SILANGAN
5,20,19,COMPREHENSIVE DANGERIOUS DRUG ACT,BALAYHANGIN
5,21,12,RAPE,MASIIT
5,22,23,COMPREHENSIVE DANGERIOUS DRUG ACT,BALAYHANGIN
5,24,18,VEHICULAR ACCIDENT,BALAYHANGIN
5,26,17,THEFT,DAYAP
5,27,16,COMPREHENSIVE DANGERIOUS DRUG ACT,KANLURAN
5,29,19,COMPREHENSIVE DANGERIOUS DRUG ACT,IMOK
5,31,21,VEHICULAR ACCIDENT,BANGYAS
6,16,4,ACTS OF LASCIVIOUSNESS,PEREZ
6,16,6,COMPREHENSIVE DANGERIOUS DRUG ACT,MASIIT
6,17,16,VEHICULAR ACCIDENT,HANGGAN
6,17,17,MURDER,SANTO TOMAS
6,18,23,VEHICULAR ACCIDENT,MASIIT
6,19,15,MURDER,BALAYHANGIN
6,19,5,COMPREHENSIVE DANGERIOUS DRUG ACT,MASIIT
6,20,21,ILLEGAL GAMBLING,BALAYHANGIN
6,21,0,ROBBERY,PRINZA
6,22,3,COMPREHENSIVE DANGERIOUS DRUG ACT,LIMAO
6,24,3,COMPREHENSIVE DANGERIOUS DRUG ACT,DAYAP
6,24,9,COMPREHENSIVE DANGERIOUS DRUG ACT,DAYAP
6,27,21,ILLEGAL GAMBLING,SAN ISIDRO
6,28,16,CHILD ABUSE,DAYAP
6,30,13,COMPREHENSIVE DANGERIOUS DRUG ACT,DAYAP
6,30,14,COMPREHENSIVE DANGERIOUS DRUG ACT,BALAYHANGIN
7,13,14,RAPE,MASIIT
7,14,19,COMPREHENSIVE DANGERIOUS DRUG ACT,BALAYHANGIN
7,15,15,VEHICULAR ACCIDENT,LAMOT 2
7,15,20,VEHICULAR ACCIDENT,BALAYHANGIN
7,15,17,COMPREHENSIVE DANGERIOUS DRUG ACT,DAYAP
7,15,18,VAWC,DAYAP
7,15,1,RAPE,DAYAP
7,16,9,ILLEGAL GAMBLING,LAMOT 2
7,16,9,ILLEGAL GAMBLING,SILANGAN
7,17,17,COMPREHENSIVE DANGERIOUS DRUG ACT,LAMOT 1
7,17,14,ROBBERY,DAYAP
7,21,18,ILLEGAL GAMBLING,SILANGAN
7,21,23,ACTS OF LASCIVIOUSNESS,DAYAP
7,21,15,COMPREHENSIVE DANGERIOUS DRUG ACT,SAN ISIDRO
7,22,14,ILLEGAL GAMBLING,SANTO TOMAS
7,22,21,COMPREHENSIVE DANGERIOUS DRUG ACT,LAMOT 2
7,23,1,COMPREHENSIVE DANGERIOUS DRUG ACT,KANLURAN
7,23,14,ILLEGAL GAMBLING,SILANGAN
7,23,15,ILLEGAL GAMBLING,LAMOT 1
7,23,20,ILLEGAL GAMBLING,LAMOT 1
7,24,19,COMPREHENSIVE DANGERIOUS DRUG ACT,DAYAP
7,24,18,THEFT,LAMOT 2
7,24,0,ALARM AND SCANDAL,SANTO TOMAS
7,28,16,ILLEGAL GAMBLING,LIMAO
7,28,14,COMPREHENSIVE DANGERIOUS DRUG ACT,BANGYAS
7,29,18,COMPREHENSIVE DANGERIOUS DRUG ACT,LAMOT 2
7,29,15,ILLEGAL GAMBLING,MASIIT
7,29,17,COMPREHENSIVE DANGERIOUS DRUG ACT,DAYAP
8,14,10,VAWC,MASIIT
8,15,23,VEHICULAR ACCIDENT,BANGYAS
8,15,16,VEHICULAR ACCIDENT,BALAYHANGIN
8,15,18,COMPREHENSIVE DANGERIOUS DRUG ACT,SILANGAN
8,15,22,COMPREHENSIVE DANGERIOUS DRUG ACT,KANLURAN
8,15,15,ILLEGAL GAMBLING,MABACAN
8,15,22,VAWC,BANGYAS
8,15,19,ILLEGAL GAMBLING,MABACAN
8,15,20,ILLEGAL GAMBLING,LAMOT 1
8,15,20,ILLEGAL GAMBLING,SANTO TOMAS
8,16,16,CHILD ABUSE,LAMOT 1
8,19,20,COMPREHENSIVE DANGERIOUS DRUG ACT,SAN ISIDRO
8,21,13,ILLEGAL GAMBLING,LAMOT 2
8,21,13,ILLEGAL GAMBLING,DAYAP
8,22,21,COMPREHENSIVE DANGERIOUS DRUG ACT,DAYAP
8,22,19,HOMICIDE,DAYAP
8,24,21,RAPE,SAN ISIDRO
8,26,19,COMPREHENSIVE DANGERIOUS DRUG ACT,SANTO TOMAS
8,26,2,VAWC,BANGYAS
8,27,13,ROBBERY,BALAYHANGIN
8,27,13,COMPREHENSIVE DANGERIOUS DRUG ACT,MASIIT
8,28,23,ACTS OF LASCIVIOUSNESS,LAMOT 2
8,29,17,COMPREHENSIVE DANGERIOUS DRUG ACT,KANLURAN
8,30,9,ILLEGAL GAMBLING,LAMOT 2
8,30,9,ILLEGAL GAMBLING,LAMOT 2
9,13,0,COMPREHENSIVE DANGERIOUS DRUG ACT,KANLURAN
9,15,18,VAWC,PRINZA
9,15,18,CHILD ABUSE,LAMOT 2
9,16,19,VEHICULAR ACCIDENT,LAMOT 1
9,16,11,VEHICULAR ACCIDENT,PRINZA
9,16,2,COMPREHENSIVE DANGERIOUS DRUG ACT,HANGGAN
9,17,21,COMPREHENSIVE DANGERIOUS DRUG ACT,KANLURAN
9,18,15,ILLEGAL GAMBLING,DAYAP
9,18,15,ILLEGAL GAMBLING,DAYAP
9,18,16,ILLEGAL GAMBLING,KANLURAN
9,19,23,VEHICULAR ACCIDENT,BALAYHANGIN
9,21,10,VEHICULAR ACCIDENT,BALAYHANGIN
9,22,18,COMPREHENSIVE DANGERIOUS DRUG ACT,DAYAP
9,23,18,MURDER,SILANGAN
9,23,20,COMPREHENSIVE DANGERIOUS DRUG ACT,SANTO TOMAS
9,23,22,COMPREHENSIVE DANGERIOUS DRUG ACT,LAMOT 2
9,23,20,ALARM AND SCANDAL,SILANGAN
9,24,1,COMPREHENSIVE DANGERIOUS DRUG ACT,PRINZA
9,24,14,ILLEGAL GAMBLING,BALAYHANGIN
9,24,14,ILLEGAL GAMBLING,BALAYHANGIN
9,24,15,ILLEGAL GAMBLING,SANTO TOMAS
9,25,22,COMPREHENSIVE DANGERIOUS DRUG ACT,DAYAP
9,26,7,CHILD ABUSE,DAYAP
9,27,23,COMPREHENSIVE DANGERIOUS DRUG ACT,DAYAP
9,29,10,HOMICIDE,BALAYHANGIN
9,29,14,VEHICULAR ACCIDENT,IMOK
9,29,19,COMPREHENSIVE DANGERIOUS DRUG ACT,BANGYAS
9,29,2,ALARM AND SCANDAL,DAYAP
1,2,3,COMPREHENSIVE DANGERIOUS DRUG ACT,HANGGAN
2,2,1,HOMICIDE,BANGYAS
2,3,1,VEHICULAR ACCIDENT,BANGYAS
10,10,8,ALARM AND SCANDAL,MABACAN